"names"	"EcC"
"A[T>C]T"	2.3018061291372e-49
"A[T>C]A"	3.16540761525402e-72
"T[T>G]T"	4.03044574537288e-96
"T[T>C]T"	6.66915631852443e-124
"T[T>A]T"	1.90417125167538e-140
"A[T>A]A"	3.7191979814713e-153
"A[T>C]C"	2.50801270604394e-169
"A[T>A]T"	2.65479204550676e-178
"T[T>G]A"	4.20078646131427e-188
"A[T>A]C"	5.43893354667716e-201
"T[T>G]C"	8.44399185110311e-211
"T[T>A]A"	2.68352668807202e-211
"G[T>A]T"	1.126198250805e-216
"G[T>C]T"	3.2627794743118e-225
"G[T>G]T"	3.14268250652651e-230
"A[T>G]A"	3.55568098426056e-234
"A[T>G]T"	5.60046291266125e-240
"A[T>C]G"	1.92641027996702e-234
"A[T>G]C"	4.2550467530197e-234
"G[T>A]C"	2.27813688930407e-234
"T[T>A]G"	6.78977851934856e-232
"T[T>C]A"	6.88115398883375e-230
"C[T>A]C"	2.3728351225105e-227
"G[T>C]C"	3.06750667871621e-226
"G[T>A]G"	4.8745228092258e-227
"G[T>G]G"	1.53642513268972e-226
"T[T>C]C"	1.74234812767848e-226
"C[T>G]C"	4.36005066409723e-227
"C[T>G]G"	1.32958387569529e-226
"A[T>G]G"	1.00804917980438e-226
"C[T>C]C"	5.76929386584101e-225
"G[T>G]C"	2.71691470908471e-225
"G[T>C]G"	1.27700241493257e-224
"A[T>A]G"	5.05231722399444e-225
"C[T>A]A"	6.72332449500255e-224
"C[T>A]G"	3.48146940741138e-222
"C[T>A]T"	8.67071003572442e-220
"G[T>A]A"	5.51339291829487e-221
"T[T>A]C"	2.17685394824414e-222
"C[T>C]A"	1.85579520267751e-219
"C[T>C]G"	3.3001762254854e-218
"C[T>C]T"	9.14698735035513e-218
"G[T>C]A"	4.30188383859159e-216
"T[T>C]G"	2.75841312685962e-215
"C[T>G]A"	1.1130655324806e-213
"C[T>G]T"	7.18554697925511e-214
"G[T>G]A"	1.15109277248708e-214
"T[T>G]G"	1.13259091859806e-213
